{
  "data": [
    {
      "name": "氯",
      "concentration": 0.1
    },
    {
      "name": "氨",
      "concentration": 0.8
    },{
      "name": "氯",
      "concentration": 0.1
    },
    {
      "name": "氨",
      "concentration": 0.8
    },
    {
      "name": "氯",
      "concentration": 0.1
    },
    {
      "name": "氨",
      "concentration": 0.8
    },{
      "name": "氯",
      "concentration": 0.1
    },
    {
      "name": "氨",
      "concentration": 0.8
    }

  ]
}