{
  "data": [
    [{
      "x":119.014521,
      "y":25.459865
    },
      {
        "x":109.024533,
        "y":25.459123
      },{
      "x":109.034523,
      "y":25.459123
    },{
      "x":109.044543,
      "y":25.459123
    },{
      "x":109.054553,
      "y":25.459123
    }],
    [{
      "x":119.064521,
      "y":26.459865
    },
      {
        "x":109.014533,
        "y":24.459123
      }],
    [{
      "x":109.014521,
      "y":27.459865
    },
      {
        "x":109.014533,
        "y":28.459123
      }]


  ]
}